inputurl,id,type,shortcode,caption,url,commentscount,dimensionsheight,dimensionswidth,displayurl,videourl,alt,likescount,videoviewcount,videoplaycount,timestamp,locationname,locationid,ownerfullname,ownerusername,ownerid,producttype,videoduration,issponsored
https://www.instagram.com/tarcirleidebrito,3311311980608697139,Video,C30JLPIrTMz,Sem Den√∫ncias e sem esc√¢ndalo de corrup√ß√£o! #pol√≠ticalocal #teofilootoni,https://www.instagram.com/p/C30JLPIrTMz/,32,1333,750,https://instagram.fhan17-1.fna.fbcdn.net/v/t51.2885-15/429885010_389760403778162_3768913402884697346_n.jpg?stp=dst-jpg_e15&_nc_ht=instagram.fhan17-1.fna.fbcdn.net&_nc_cat=102&_nc_ohc=sq2zTIhGv1wAX-FLAVE&edm=AP_V10EBAAAA&ccb=7-5&oh=00_AfCknU1n9ljzJL35vCujrb3VniWaoaPTda3bwmT8CP5c1w&oe=65E0A094&_nc_sid=2999b8,https://instagram.fhan17-1.fna.fbcdn.net/v/t66.30100-16/333799428_3671700923106333_4543168252518861831_n.mp4?_nc_ht=instagram.fhan17-1.fna.fbcdn.net&_nc_cat=109&_nc_ohc=go1i1QBWOjsAX8qy3Rw&edm=AP_V10EBAAAA&ccb=7-5&oh=00_AfBxcf0Ld9ZDzg2rLF83Nkf-JCcuWSaMpHYPrZCfDpSr-A&oe=65E07687&_nc_sid=2999b8,,142,1381.0,4500.0,2024-02-26T14:55:19.000Z,Te√≥filo Otoni - Vale Do Mucuri - Minas Gerais,302867447075511,Papo de Alphas Podcast,papodealphas,37819424615,clips,23.766,False
https://www.instagram.com/tarcirleidebrito,3311544739433407725,Video,C30-GUrveTt,"N√£o vai fugir desse assunto n√©!? üö´

 ü¶üFalar sobre a dengue √© muito importante, pois os casos est√£o aumentando diariamente em todo pa√≠s.

ü§ùConto com a ajuda de voc√™s para nos ajudar a combater esse mosquito!",https://www.instagram.com/p/C30-GUrveTt/,39,1333,750,https://scontent-ord5-1.cdninstagram.com/v/t51.2885-15/430016264_433081362385965_8807507595208991797_n.jpg?stp=dst-jpg_e15&_nc_ht=scontent-ord5-1.cdninstagram.com&_nc_cat=109&_nc_ohc=I7WTOpAtn9sAX-rprbM&edm=AP_V10EBAAAA&ccb=7-5&oh=00_AfDCH3KLUBFwvF-tcl1c8wcVjoJFzRg6PHqgR-gadznQ3A&oe=65E08E35&_nc_sid=2999b8,https://scontent-ord5-2.cdninstagram.com/v/t66.30100-16/334202084_415404327634181_8353902758731917113_n.mp4?_nc_ht=scontent-ord5-2.cdninstagram.com&_nc_cat=105&_nc_ohc=VY6CTBJMQIwAX9as5uF&edm=AP_V10EBAAAA&ccb=7-5&oh=00_AfC_0ZVk3nMRL59zwdpgSb28e4zKJ7MQ0-5r4eVwAJ4LzA&oe=65E07BEB&_nc_sid=2999b8,,233,2950.0,6875.0,2024-02-26T22:43:47.000Z,,,Tarcirlei Mariniello de Brito,tarcirleidebrito,11164207918,clips,24.724,False
https://www.instagram.com/tarcirleidebrito,3309112136055293170,Sidecar,C3sU_SPgoTy,"ü§ùQue bom √© chegar a Bras√≠lia e encontrar as portas abertas para poder fazer nossa cidade Avan√ßar cada vez mais. Em um governo anterior as portas jamais se abriram para Te√≥filo Otoni, agora essa realidade mudou e seguimos trazendo benef√≠cios para nosso munic√≠pio. 

üéØ√â importante para o Governo Municipal estar alinhado com a Presid√™ncia da Rep√∫blica para garantir projetos que beneficiem a popula√ß√£o local de forma mais eficiente.  Aproveito para agradecer a recep√ß√£o do Ministro do Desenvolvimento Regional do Brasil Waldez G√≥es, ao Ministro das Rela√ß√µes Institucionais Alexandre Padilha, ao Deputado Leonardo Monteiro e todos aqueles parlamentares que se comprometem  em  cuidar de Te√≥filo Otoni junto a n√≥s.",https://www.instagram.com/p/C3sU_SPgoTy/,30,1350,1080,https://scontent-iad3-1.cdninstagram.com/v/t51.2885-15/429449881_945003086987086_5650023934554216135_n.jpg?stp=dst-jpg_e35_p1080x1080&_nc_ht=scontent-iad3-1.cdninstagram.com&_nc_cat=110&_nc_ohc=SfJJ3rbjwSMAX_vCHsC&edm=AP_V10EBAAAA&ccb=7-5&oh=00_AfA3Uh53INrU1b10DCHJkHxELW6SFnN16AhyyzByqmm9pg&oe=65E45955&_nc_sid=2999b8,,,417,,,2024-02-23T14:02:08.000Z,Brasilia-DF,235056754,Daniel Sucupira,danielsucupira,1458298429,,,False
https://www.instagram.com/lucasmiglio,3312149886127872476,Image,C33HsXdgJnc,"üí¨ Ter√ßa-feira produtiva na Assembleia Legislativa de Minas Gerais, dialogando sobre as demandas de Te√≥filo Otoni com o Deputado Estadual Coronel Sandro e seu Assessor Filipe Costa. 

üöÄ Juntos, buscamos sempre o melhor para nossa cidade! Conversamos sobre os projetos em andamento e novas oportunidades de desenvolvimento. 

A mudan√ßa na pol√≠tica requer di√°logo com todos os Deputados, unidos pelo mesmo objetivo: o avan√ßo de Te√≥filo Otoni!

#Te√≥filoOtoni #Desenvolvimento #ALMG #LucasMiglio",https://www.instagram.com/p/C33HsXdgJnc/,10,720,1080,https://scontent-iad3-1.cdninstagram.com/v/t39.30808-6/429846895_18420073633024634_5874538954637099471_n.jpg?stp=dst-jpg_e35_s1080x1080_sh0.08&_nc_ht=scontent-iad3-1.cdninstagram.com&_nc_cat=102&_nc_ohc=n8aOreNlo-8AX9zxPh6&edm=AP_V10EAAAAA&ccb=7-5&oh=00_AfAVwbPgyp3CzsyKLmtpKHjYNDa3I_wtbcnD1c4emEOlIw&oe=65E35B16&_nc_sid=2999b8,,"Photo by Lucas Miglio in Belo Horizonte, Brazil with @coronelsandro.mg, and @filipecosta.to. May be an image of 3 people, newsroom, office and text.",84,,,2024-02-27T18:37:36.000Z,"Belo Horizonte, Brazil",213255513,Lucas Miglio,lucasmiglio,188888633,,,False
https://www.instagram.com/lucasmiglio,3310027335549251855,Image,C3vlFMMPvEP,‚ù§Ô∏è,https://www.instagram.com/p/C3vlFMMPvEP/,27,1080,1080,https://instagram.fncl2-1.fna.fbcdn.net/v/t51.2885-15/429723855_402254762420114_3192617068074870114_n.jpg?stp=dst-jpg_e35_s1080x1080&_nc_ht=instagram.fncl2-1.fna.fbcdn.net&_nc_cat=102&_nc_ohc=BgCK0EZiSqIAX8QKYw7&edm=AP_V10EBAAAA&ccb=7-5&oh=00_AfBqaMFnnsscflJrW5SNut7l3GvxQP8Hk0lU04FFXVvZ-Q&oe=65E436AE&_nc_sid=2999b8,,"Photo shared by Thayane Dantas on February 24, 2024 tagging @lucasmiglio. May be an image of 2 people, hair, people smiling and top.",688,,,2024-02-24T20:20:28.000Z,,,Thayane Dantas,thayane.rec,321282734,,,False
https://www.instagram.com/tarcirleidebrito,3308626886593877779,Video,C3qmp-dvBcT,"Essa √© uma hist√≥ria de her√≥is da vida real! ü¶∏‚Äç‚ôÄÔ∏èü¶∏‚Äç‚ôÇÔ∏è

‚åöÔ∏èVoc√™ j√° ouviu o dizer ‚Äúlugar certo na hora certa‚Äù? Pois √©, foi o que aconteceu na √∫ltima ter√ßa-feira com os servidores da  Secretaria de Servi√ßos Urbanos.

üí¨Na rua em que trabalhavam, um telhado desabou sobre dois idosos e uma mulher gr√°vida. Sem hesitar, entraram no local imediatamente e os socorreram.

ü¶∫Esse √© apenas mais um exemplo do que n√≥s sempre falamos: Defesa Civil somos todos n√≥s",https://www.instagram.com/p/C3qmp-dvBcT/,122,1141,640,https://instagram.fgoa3-2.fna.fbcdn.net/v/t51.2885-15/392824387_909059294251644_1681784734052349045_n.jpg?stp=dst-jpg_e15&_nc_ht=instagram.fgoa3-2.fna.fbcdn.net&_nc_cat=100&_nc_ohc=YS5wDDqSmz8AX8s-hN4&edm=AP_V10EBAAAA&ccb=7-5&oh=00_AfDfo4XR4lHomOmmVW1oulLiBoLxrxjyS_3xE9uxvVuOvQ&oe=65E0C8BE&_nc_sid=2999b8,https://instagram.fgoa3-2.fna.fbcdn.net/v/t66.30100-16/10000000_660918212734293_9136531980445123844_n.mp4?_nc_ht=instagram.fgoa3-2.fna.fbcdn.net&_nc_cat=109&_nc_ohc=28T-vlcwqd4AX9t9e3T&edm=AP_V10EBAAAA&ccb=7-5&oh=00_AfCl5jn_CWtypsASftHYBjnE45Hi8SFcIZp6DLrqrkxg9g&oe=65E07914&_nc_sid=2999b8,,356,2866.0,8080.0,2024-02-22T22:00:48.000Z,,,Tarcirlei Mariniello de Brito,tarcirleidebrito,11164207918,clips,68.166,False
https://www.instagram.com/mariaeugeniabiffi,3115084480578999815,Sidecar,Cs7ANSmPlYH,"Quer saber um pouquinho sobre mim?! Deslize e confira!

E a√≠, se identificou comigo?

#politica #cultura #politicaspublicas #ribeiraopreto #quemsoueu",https://www.instagram.com/p/Cs7ANSmPlYH/,33,1080,1080,https://scontent-cdg4-1.cdninstagram.com/v/t51.2885-15/350701337_940406160408154_5722074326975341679_n.jpg?stp=dst-jpg_e35&_nc_ht=scontent-cdg4-1.cdninstagram.com&_nc_cat=110&_nc_ohc=4L5lssfET1gAX-c4xGT&edm=AP_V10EBAAAA&ccb=7-5&oh=00_AfDWegyKnN_ZVV001JGT5zQOZVswic4zkDllHn6yceVsbA&oe=65E41B0F&_nc_sid=2999b8,,,328,,,2023-05-31T21:03:49.000Z,,,Maria EugeÃÇnia Biffi,mariaeugeniabiffi,541628220,,,False
https://www.instagram.com/lucasmiglio,3310783328814014276,Image,C3yQ-VyPp9E,"Sabedoria n√£o se apressa, ela se constr√≥i com o passar do tempo, atrav√©s da jornada da vida e da acumula√ß√£o de experi√™ncias.

Ao meu lado, conto com dois homens que admiro e que posso afirmar serem importantes conselheiros nesta jornada: Fabinho Ramalho e Virg√≠lio Guimar√£es. Agrade√ßo pelos direcionamentos, meus amigos. 

#VoaAltoTe√≥ ‚úàÔ∏è",https://www.instagram.com/p/C3yQ-VyPp9E/,18,1080,1080,https://scontent-dfw5-2.cdninstagram.com/v/t39.30808-6/428705700_18419761693024634_6279548774365377152_n.jpg?stp=dst-jpg_e35_s1080x1080_sh0.08&_nc_ht=scontent-dfw5-2.cdninstagram.com&_nc_cat=102&_nc_ohc=fAehaLrH9pQAX9Ikuho&edm=AP_V10EAAAAA&ccb=7-5&oh=00_AfB9t4f_VEIe45OPScu9U3Ecj0DaHdQTxp5STd3d9hNimw&oe=65E34088&_nc_sid=2999b8,,"Photo by Lucas Miglio in Belo Horizonte, Brazil with @fabinhoramalhomg, and @virgilioguimaraesmg. May be an image of 2 people, pie, outdoors and text.",170,,,2024-02-25T21:22:30.000Z,"Belo Horizonte, Brazil",213255513,Lucas Miglio,lucasmiglio,188888633,,,False
https://www.instagram.com/mariaeugeniabiffi,3312144308821678518,Image,C33GbNMJdm2,"Espanha, 2024. Brasil, 2023. Essa √© a realidade.

#futebol #viol√™ncia #mulher",https://www.instagram.com/p/C33GbNMJdm2/,1,1080,1080,https://instagram.fnap5-2.fna.fbcdn.net/v/t39.30808-6/429661022_18414727363060221_5188438765179901308_n.jpg?stp=dst-jpg_e15_fr_s1080x1080&_nc_ht=instagram.fnap5-2.fna.fbcdn.net&_nc_cat=109&_nc_ohc=JLqyjwzHL-AAX8DDGKW&edm=AP_V10EAAAAA&ccb=7-5&oh=00_AfCTzIu35eEaVmB-dN-BRo87QpDzC6UC41a3DNFy6EZZQA&oe=65E4C131&_nc_sid=2999b8,,"Photo by Maria EugeÃÇnia Biffi on February 27, 2024. May be a meme of 2 people and text that says 'Como o futebol lida com criminosos: Na Espanha No Brasil Barcelona exclui Daniel Alves de sua lista de lendas ap√≥s condena√ß√£o por estupro Goleiro Bruno √© anunciado por time da v√°rzea de S√£o Paulo Orion Futebol Clube contrata jogador de 38 anos, ganhou condiciona ap√≥s cumprir oito anos meses ris√£o pelo assassinado da -model Eliza Samudio'.",52,,,2024-02-27T18:26:31.000Z,,,Maria EugeÃÇnia Biffi,mariaeugeniabiffi,541628220,,,False
https://www.instagram.com/mariaeugeniabiffi,3309808925380568047,Video,C3uza53uePv,"üëÄ Olha s√≥ essas curiosidades sobre a Conquista do Voto Feminino!üëá

.
.
.
.
.

üìÑ A conquista do direito de voto √†s mulheres se deu em 1932, atrav√©s de um decreto assinado pelo ent√£o presidente Get√∫lio Vargas. Mas foi somente nas elei√ß√µes de 1934, ap√≥s a Constitui√ß√£o promulgada naquele ano, que as mulheres foram de fato √†s urnas. Ainda assim, a participa√ß√£o pol√≠tica feminina era restrita: somente as mulheres casadas poderiam votar, desde que tivessem a autoriza√ß√£o do marido. Somente em 1965 √© que todas as mulheres alcan√ßaram o direito de voto. 

üó≥Ô∏è Alzira Soriano foi a primeira mulher eleita no pa√≠s, vencendo a disputa para a prefeitura de Lages, no Rio Grande do Norte, em 1928. Seu mandato foi assegurado pela Justi√ßa at√© a Revolu√ß√£o de 1930, quando perdeu o cargo por discordar das normas impostas pelo Governo Vargas. 

‚öñÔ∏è 2002 foi o primeiro ano em que o eleitorado feminino superou o masculino: 50,9% contra 49,1%. Desde ent√£o, as o n√∫mero de eleitoras tem crescido cada vez mais. Nas √∫ltimas elei√ß√µes, em 2022, as mulheres bateram um novo recorde nesse sentido: foram 52,7% do p√∫blico votante, enquanto os homens foram 47,5%. 

Que outras curiosidades e informa√ß√µes sobre a hist√≥ria do direito ao voto feminino voc√™ tem para compartilhar? Me conta nos coment√°rios!

#votofeminino #pol√≠tica #igualdade #mulher",https://www.instagram.com/p/C3uza53uePv/,9,1920,1080,https://scontent-dfw5-1.cdninstagram.com/v/t51.2885-15/429370741_7143514529017285_255050056862588627_n.jpg?stp=dst-jpg_e35_p1080x1080_sh0.08&_nc_ht=scontent-dfw5-1.cdninstagram.com&_nc_cat=101&_nc_ohc=NVHgJD3Jbk0AX_V-W8_&edm=AP_V10EBAAAA&ccb=7-5&oh=00_AfAo7do9TWUdwV2GB2wGK7INToJpSoLgdU3wTBe0FDdQ4A&oe=65E05EE2&_nc_sid=2999b8,https://scontent-dfw5-1.cdninstagram.com/v/t66.30100-16/10000000_1057873988770383_4343960815458669586_n.mp4?_nc_ht=scontent-dfw5-1.cdninstagram.com&_nc_cat=103&_nc_ohc=-IS6CjFrqnYAX9Rc9bB&edm=AP_V10EBAAAA&ccb=7-5&oh=00_AfA02koO46_VP5d7lbZelcpZ9DmtmAb1zT7H02W9xKpGtw&oe=65E04E44&_nc_sid=2999b8,,97,672.0,1856.0,2024-02-24T13:07:06.000Z,,,Maria EugeÃÇnia Biffi,mariaeugeniabiffi,541628220,clips,93.203,False
https://www.instagram.com/bruno.balarini,3311489893715990182,Video,C30xoNoPNam,"Isso faria voc√™ n√£o deixar de trabalhar, estar com fam√≠lia e economizar seu dinheiro, al√©m de ganhar tempo! 
#app #cidade #minasgerais #qualidadedevida #economia #teofilootoni #saude #emprego #renda #politica #melhor #engenharia #arquitetura",https://www.instagram.com/p/C30xoNoPNam/,6,852,480,https://scontent-lhr8-2.cdninstagram.com/v/t51.2885-15/430216339_330329303305734_2641937911761586158_n.jpg?stp=dst-jpg_e15&_nc_ht=scontent-lhr8-2.cdninstagram.com&_nc_cat=106&_nc_ohc=wfuyTMK5WMoAX9frQ09&edm=AP_V10EBAAAA&ccb=7-5&oh=00_AfC5mvsoUZUVMvF0qlHdgYSbsiMVgzCpTw_FHzWv-62e_Q&oe=65E09D2F&_nc_sid=2999b8,https://scontent-lhr8-2.cdninstagram.com/v/t66.30100-16/10000000_748906803870205_5697216034825213835_n.mp4?_nc_ht=scontent-lhr8-2.cdninstagram.com&_nc_cat=101&_nc_ohc=UVYKplSTYL8AX-pl95Y&edm=AP_V10EBAAAA&ccb=7-5&oh=00_AfCloY3EPgr7VkCOlFobAk2tH9pcWNFJ2FY71L4nC7IInw&oe=65E0B629&_nc_sid=2999b8,,98,592.0,1726.0,2024-02-26T20:49:23.000Z,,,Bruno Balarini,bruno.balarini,2931791695,clips,68.521,False
https://www.instagram.com/lucasmiglio,3309335164231692226,Image,C3tHsxavS_C,"üç∑ #Sextou ao lado do meu amigo √© grande empres√°rio, Daltinho! Amizade √© a ess√™ncia que aben√ßoa nossas vidas, tornando cada desafio mais leve e cada conquista mais significativa.

Obrigado, parceiro! Tamo junto!",https://www.instagram.com/p/C3tHsxavS_C/,24,810,1080,https://instagram.flas1-1.fna.fbcdn.net/v/t39.30808-6/429508207_18419405842024634_3479212385209786014_n.jpg?stp=dst-jpg_e35_s1080x1080_sh0.08&_nc_ht=instagram.flas1-1.fna.fbcdn.net&_nc_cat=102&_nc_ohc=_hdnUH2SpH8AX8MPmHq&edm=AP_V10EAAAAA&ccb=7-5&oh=00_AfBVct8O0s-C5SOfNAUvSkS3TiMJ6uZrqnrj6o_ymuTAGQ&oe=65E481B4&_nc_sid=2999b8,,"Photo by Lucas Miglio in Belo Horizonte, Brazil with @daltinholoredo. May be an image of 2 people and text.",263,,,2024-02-23T21:25:15.000Z,"Belo Horizonte, Brazil",213255513,Lucas Miglio,lucasmiglio,188888633,,,False
https://www.instagram.com/mariaeugeniabiffi,3311508504774082882,Video,C3013ChvoFC,"üö® ALERTA RETROCESSO!

A quest√£o das pessoas em situa√ß√£o de rua precisa ser tratada com pol√≠ticas p√∫blicas e n√£o com interna√ß√£o for√ßada!

Na Finl√¢ndia, o governo ofereceu habita√ß√µes permanentes e assist√™ncia social para ajudar a popula√ß√£o que se encontrava em situa√ß√£o de rua, grande parte tamb√©m dependente qu√≠mica. 

Na Alemanha, a iniciativa ‚ÄúCaminho de Frankfurt‚Äù possibilitou tirar milhares de pessoas das ruas. A disponibiliza√ß√£o de terapia e a cria√ß√£o de salas supervisionadas foram algumas das a√ß√µes adotadas.

E a√≠, Brasil? Quando as pessoas em situa√ß√£o de rua v√£o deixar de ser consideradas um mal mas sim parte do nosso povo?

#drogas #brasil #pol√≠ticasp√∫blicas #semteto",https://www.instagram.com/p/C3013ChvoFC/,30,1920,1080,https://instagram.fczl2-1.fna.fbcdn.net/v/t51.2885-15/429998053_1629630531145812_4781017317917325195_n.jpg?stp=dst-jpg_e35_p1080x1080_sh0.08&_nc_ht=instagram.fczl2-1.fna.fbcdn.net&_nc_cat=100&_nc_ohc=DQru_kKswsQAX_PkzH6&edm=AP_V10EBAAAA&ccb=7-5&oh=00_AfC19ItBMkWLl__d6Ex4oqkSfZcpGP6IQR4ip57LAcmAtA&oe=65E0454A&_nc_sid=2999b8,https://instagram.fczl2-1.fna.fbcdn.net/v/t66.30100-16/10000000_1113170613158143_3490173090986567181_n.mp4?_nc_ht=instagram.fczl2-1.fna.fbcdn.net&_nc_cat=107&_nc_ohc=zCIs7z-w2mUAX_Q2Unr&edm=AP_V10EBAAAA&ccb=7-5&oh=00_AfCArI3I5OVWwnj8blVrhtMdbu6Es9l_gVrC5RsmEgp_LA&oe=65E0632B&_nc_sid=2999b8,,98,952.0,2377.0,2024-02-26T21:23:56.000Z,,,Maria EugeÃÇnia Biffi,mariaeugeniabiffi,541628220,clips,58.1,False
https://www.instagram.com/lucasmiglio,3311473826855734386,Video,C30t-aMvUxy,"‚úàÔ∏è Te√≥filo Otoni merece mudan√ßa para voar alto!

üí¨ü§ùüèª Deputada Greyce Elias, muito obrigado pela confian√ßa e receptividade! Seu mandato √© exemplo de cuidado e aten√ß√£o com o povo mineiro!

Seguiremos juntos neste projeto rumo ao desenvolvimento da Capital Mundial das Pedras Preciosas! üíé

#DeputadaFederal #Desenvolvimento #Moderniza√ß√£o #Mudan√ßa #Te√≥filoOtoni #Lucasmiglio",https://www.instagram.com/p/C30t-aMvUxy/,28,1333,750,https://scontent-lax3-2.cdninstagram.com/v/t51.2885-15/429844581_1354732258526747_6191128389266558993_n.jpg?stp=dst-jpg_e15&_nc_ht=scontent-lax3-2.cdninstagram.com&_nc_cat=111&_nc_ohc=TvTmHTNUvkMAX-m4NDn&edm=AP_V10EBAAAA&ccb=7-5&oh=00_AfDvZH0-x0iWb8PI9twZZcmSf9bg0sbXG_bUj9FVY_Rk1g&oe=65E0CA69&_nc_sid=2999b8,https://scontent-lax3-2.cdninstagram.com/v/t66.30100-16/10000000_749343597174511_4100690641022939657_n.mp4?_nc_ht=scontent-lax3-2.cdninstagram.com&_nc_cat=107&_nc_ohc=id1k2Ec0D4MAX_JyQwj&edm=AP_V10EBAAAA&ccb=7-5&oh=00_AfCDfACB0dTHwgNNn16f7anoGmAyBi_BB2tLbbVuY_uMZA&oe=65E0D91D&_nc_sid=2999b8,,198,1780.0,5320.0,2024-02-26T20:16:39.000Z,"Belo Horizonte, Brazil",213255513,Lucas Miglio,lucasmiglio,188888633,clips,41.1,False
https://www.instagram.com/comandante_marinho,3311429464289579243,Video,C30j42VvhDr,"Quem me conhece sabe que minha fam√≠lia √© o bem mais precioso que tenho.

√â imposs√≠vel falar do orgulho que tenho da minha primog√™nita Alice e n√£o se emocionar, como disse meu amigo @eldersena ‚Äú‚Ä¶ vejo que seus olhos lagrimejaram agora.‚Äù

Deus criou a fam√≠lia para ser unida, protegendo e fortalecendo cada membro. 
Rimos, choramos, temos conquistas e decep√ß√µes, mas ultrapassamos tudo em nome do Amor.

Uma fam√≠lia unida, guiada por Deus, √© uma grande b√™n√ß√£o! 

@radio98to",https://www.instagram.com/p/C30j42VvhDr/,20,1333,750,https://instagram.fbda1-1.fna.fbcdn.net/v/t51.2885-15/429812433_1845820262551239_5549303505949411199_n.jpg?stp=dst-jpg_e15&_nc_ht=instagram.fbda1-1.fna.fbcdn.net&_nc_cat=103&_nc_ohc=VBQo8OFcjIgAX8uoIts&edm=AP_V10EBAAAA&ccb=7-5&oh=00_AfA4FzwHyRAtU260josQj4mwVHBRLCe-TPmz-IRvdca1OA&oe=65E04A46&_nc_sid=2999b8,https://instagram.fbda1-1.fna.fbcdn.net/v/t66.30100-16/323730006_415367380862336_7533719440451221024_n.mp4?_nc_ht=instagram.fbda1-1.fna.fbcdn.net&_nc_cat=108&_nc_ohc=QSpPoHCKj0UAX9-dmJD&edm=AP_V10EBAAAA&ccb=7-5&oh=00_AfBdDrqldFPdoYQu8UNecEyimEFrdkxOTPmkTGm4XMgi7A&oe=65E05C54&_nc_sid=2999b8,,343,2239.0,4156.0,2024-02-26T18:49:39.000Z,Te√≥filo Otoni,213382431,Comandante Marinho,comandante_marinho,6437175582,clips,39.506,False
https://www.instagram.com/comandante_marinho,3310093400333585484,Video,C3v0Gj0P4xM,"Hoje (24/02) pela manh√£, foi dia de participar do lan√ßamento do Projeto Esportivo Jorge Augusto, idealizado pelo l√≠der comunit√°rio Renato Teles, que ir√° atender diversas crian√ßas carentes atrav√©s do esporte.

Parab√©ns a todos os envolvidos, Projetos como esse transformam a vida das nossas crian√ßas!

@projetosocialjorgeaugusto
@renatotelesteo
@gracielly_motta",https://www.instagram.com/p/C3v0Gj0P4xM/,12,1333,750,https://scontent-itm1-1.cdninstagram.com/v/t51.2885-15/429668798_1093481798535852_4739931798809852238_n.jpg?stp=dst-jpg_e15&_nc_ht=scontent-itm1-1.cdninstagram.com&_nc_cat=100&_nc_ohc=pqJa3DWhgo4AX9WRoHf&edm=AP_V10EBAAAA&ccb=7-5&oh=00_AfBWMQypJCitZe45mTBmpMMO9dc08tOV8-yIxqv0n0pWjQ&oe=65E074B2&_nc_sid=2999b8,https://scontent-itm1-1.cdninstagram.com/v/t66.30100-16/10000000_434504625582458_7865391559857774261_n.mp4?_nc_ht=scontent-itm1-1.cdninstagram.com&_nc_cat=102&_nc_ohc=qOzB61g842IAX929BiT&edm=AP_V10EBAAAA&ccb=7-5&oh=00_AfBQSwX5lOW4oK4RoE5eVfIdNIiktgS0QGSgrAY1YD65rA&oe=65E08513&_nc_sid=2999b8,,89,959.0,3201.0,2024-02-24T22:34:05.000Z,Espa√ßo Alternativa,384145625419524,Comandante Marinho,comandante_marinho,6437175582,clips,86.853,False
https://www.instagram.com/bruno.balarini,3310744876315595418,Video,C3yIOyGvFKa,"Investir em infraestrutura √©: investir na sua qualidade de vida; gerar emprego e renda; reduzir os problemas urbanos; aumentar a seguran√ßa; gastar melhor o dinheiro p√∫blico; evitar acidentes; preparar a cidade para novos investimentos; valorizar o seu im√≥vel; organizar a cidade e tamb√©m, fazer por todos! √â isso e muito mais...
Por isso, no nosso plano de governo, a infraestrutura ser√° destaque, com o Programa ""CIDADE DO AMOR FRATERNO""
#infraestrutura #cidade #minasgerais #arquitetura #engenharia #voc√™ #qualidade #vida #saude #agro",https://www.instagram.com/p/C3yIOyGvFKa/,26,1137,640,https://instagram.fcgk6-2.fna.fbcdn.net/v/t51.2885-15/429571861_926463565703803_1170244100663520158_n.jpg?stp=dst-jpg_e15&_nc_ht=instagram.fcgk6-2.fna.fbcdn.net&_nc_cat=107&_nc_ohc=v0JFDbf1TLMAX9aJcBI&edm=AP_V10EBAAAA&ccb=7-5&oh=00_AfCjRjvjFMixjvdHTc57PhKmLXa1GWJBbv7mFN6yRcReYA&oe=65E0B84B&_nc_sid=2999b8,https://instagram.fcgk6-3.fna.fbcdn.net/v/t66.30100-16/10000000_3343880649238683_6585346132245950908_n.mp4?_nc_ht=instagram.fcgk6-3.fna.fbcdn.net&_nc_cat=103&_nc_ohc=anK41G_f8TgAX_7PXmd&edm=AP_V10EBAAAA&ccb=7-5&oh=00_AfDXGr7F9IecufMw6DDAxNTliraOxqnWNsYODHbwa5qC_w&oe=65E07C1B&_nc_sid=2999b8,,308,2996.0,6045.0,2024-02-25T20:14:01.000Z,,,Bruno Balarini,bruno.balarini,2931791695,clips,67.106,False
https://www.instagram.com/bruno.balarini,3309976590498377369,Video,C3vZiwLg66Z,"Que tipo de prefeito voc√™ prefere?
(A) o que fica escondido por 4 anos e agora vem falar que est√° preocupado com a cidade, usando um discurso soberbo e com um grupo radical.
(B) o que est√° desde sempre mostrando o que pode ser melhor e quer fazer uma administra√ß√£o que te atenda.
(C) um sucessor de um projeto de poder que teve a oportunidade de fazer por voc√™ e n√£o fez porque est√° preocupado com o partido pol√≠tico e seu grupinho.
#teofilootoni #minasgerais #vontade #engenharia #agronomia #arquitetura",https://www.instagram.com/p/C3vZiwLg66Z/,33,1137,640,https://scontent-bos5-1.cdninstagram.com/v/t51.2885-15/420638446_923946622415195_3693468589114594687_n.jpg?stp=dst-jpg_e15&_nc_ht=scontent-bos5-1.cdninstagram.com&_nc_cat=111&_nc_ohc=7-3__bJvgm0AX-SIMz1&edm=AP_V10EBAAAA&ccb=7-5&oh=00_AfAJVzL1VGU5gXZ1SDQDWKndTunoeKrzPglVz8kcghvBqA&oe=65E0A024&_nc_sid=2999b8,https://scontent-bos5-1.cdninstagram.com/v/t66.30100-16/10000000_1464958027764687_4885206334537415343_n.mp4?_nc_ht=scontent-bos5-1.cdninstagram.com&_nc_cat=103&_nc_ohc=yvwk9x-LChAAX-bXhZV&edm=AP_V10EBAAAA&ccb=7-5&oh=00_AfA925pd7iikPdMmDtjjkRkHJtXKpkddCa6NjAtsjoXrwQ&oe=65E0C1BA&_nc_sid=2999b8,,369,4775.0,10109.0,2024-02-24T18:45:25.000Z,,,Bruno Balarini,bruno.balarini,2931791695,clips,76.021,False
https://www.instagram.com/mariaeugeniabiffi,3309148639975087145,Video,C3sdSfKrpwp,"üö® O que um v√≠deo desses te faz refletir?

A hora de mudar √© AGORA! Vamos juntas por uma DDM 24h em Ribeir√£o!
Marque nos coment√°rios algu√©m para assinar o manifesto (link na bio)!

#DDM24 #combateaviolenciacontraamulher #manifesto",https://www.instagram.com/p/C3sdSfKrpwp/,100,1333,750,https://instagram.fpnh7-1.fna.fbcdn.net/v/t51.2885-15/429344989_1061509478396184_425810538358264008_n.jpg?stp=dst-jpg_e15&_nc_ht=instagram.fpnh7-1.fna.fbcdn.net&_nc_cat=100&_nc_ohc=FP7iQXdr088AX-wjF3R&edm=AP_V10EBAAAA&ccb=7-5&oh=00_AfATSB0ybgnGD77oUiwD57awiiutmZ1Dx8d9i6JtBiYPcQ&oe=65E0AD2A&_nc_sid=2999b8,https://instagram.fpnh7-1.fna.fbcdn.net/v/t66.30100-16/10000000_725115049727832_2612438562412959071_n.mp4?_nc_ht=instagram.fpnh7-1.fna.fbcdn.net&_nc_cat=100&_nc_ohc=YZAoUOZo33IAX9bjkGW&edm=AP_V10EBAAAA&ccb=7-5&oh=00_AfDWrswYS0TZmj1exs5MLKCfSDbIpOFAi1qM3wfNaVaAEA&oe=65E080C4&_nc_sid=2999b8,,1972,16350.0,30814.0,2024-02-23T15:16:44.000Z,"Ribeir√£o Preto, S√£o Paulo, Brazil",1602979196405843,Maria EugeÃÇnia Biffi,mariaeugeniabiffi,541628220,clips,86.466,False
https://www.instagram.com/comandante_marinho,3309282340110296210,Sidecar,C3s7sFHv2SS,"A convite do Tenente Alonso Vieira, participei hoje (23/02) da solenidade em comemora√ß√£o do 32¬∞ anivers√°rio de instala√ß√£o da 2¬™ Companhia de Bombeiros Militar de Minas Gerais, em Te√≥filo Otoni. 

S√£o d√©cadas de servi√ßos prestados por homens e mulheres de honra. 

Parab√©ns e sucesso a todos os irm√£os e irm√£s de¬†farda¬†do¬†CBMMG.

@bombeirosteofilootoni
@19bpmmg
@15rpm_pmmg
@alonsovieira",https://www.instagram.com/p/C3s7sFHv2SS/,11,809,1080,https://scontent-dfw5-2.cdninstagram.com/v/t39.30808-6/428699107_18256034185215583_965330874755581764_n.jpg?stp=dst-jpg_e35_s1080x1080_sh0.08&_nc_ht=scontent-dfw5-2.cdninstagram.com&_nc_cat=107&_nc_ohc=CTXK6aWkd3AAX9b9KTo&edm=AP_V10EAAAAA&ccb=7-5&oh=00_AfD9pblu-W0OZJ9byGeHQEbQBWMQuE9ghnClk41bV-sjug&oe=65E3A32C&_nc_sid=2999b8,,,251,,,2024-02-23T19:40:18.000Z,CDL Te√≥filo Otoni,770700137,Comandante Marinho,comandante_marinho,6437175582,,,False
https://www.instagram.com/douglasalmeidasjm,3312225300781551509,Video,C33Y1y1JU-V,"CHEGA! N√£o d√° mais!

Ningu√©m aguenta mais a inseguran√ßa em S√£o Jo√£o de Meriti. A prefeitura precisa deixar de ser omissa e come√ßar a trabalhar. Nossa popula√ß√£o n√£o pode ficar ref√©m da criminalidade!

O que est√° acontecendo √© fruto do descaso do Governo do Estado e da Prefeitura!

#Seguran√ßaP√∫blica #S√£oJo√£oDeMeriti #bxd #Baixada",https://www.instagram.com/p/C33Y1y1JU-V/,6,1333,750,https://instagram.fman4-2.fna.fbcdn.net/v/t51.2885-15/429565407_855413556384570_4226308032867193528_n.jpg?stp=dst-jpg_e15&_nc_ht=instagram.fman4-2.fna.fbcdn.net&_nc_cat=106&_nc_ohc=a2L9VcHht3UAX-z40aq&edm=AP_V10EBAAAA&ccb=7-5&oh=00_AfBGESAmXzZTmTSLsbfsFOTPndR1XYJ-MtUyAmyakP0cqQ&oe=65E0C594&_nc_sid=2999b8,https://instagram.fman4-1.fna.fbcdn.net/v/t66.30100-16/10000000_1143434713496959_1480244533304742383_n.mp4?_nc_ht=instagram.fman4-1.fna.fbcdn.net&_nc_cat=107&_nc_ohc=nH0jjyZxehIAX9mOa7C&edm=AP_V10EBAAAA&ccb=7-5&oh=00_AfADg08-SS5D4OzlhjCPi6Uhc53pawMQcKfq8i5eNbMUyQ&oe=65E0C5C9&_nc_sid=2999b8,,-1,309.0,1018.0,2024-02-27T21:11:40.000Z,,,Douglas Almeida,douglasalmeidasjm,5745485350,clips,58.602,False
https://www.instagram.com/bruno.balarini,3309341465527451826,Video,C3tJId9PACy,"Hoje visitei v√°rios pontos da cidade...
Veja a dist√¢ncia entre o discurso e a realidade.
Meu objetivo √© te alertar. N√£o entendo porque a demora em resolver o que √© simples.
Por isso, nas pr√≥ximas postagens, vamos abordar os assuntos dos bairros!
#realidade #cidade #arquitetura #engenharia #urbanismo",https://www.instagram.com/p/C3tJId9PACy/,70,1137,640,https://instagram.fkun1-1.fna.fbcdn.net/v/t51.2885-15/429780025_1819280915150913_6886355520153366838_n.jpg?stp=dst-jpg_e15&_nc_ht=instagram.fkun1-1.fna.fbcdn.net&_nc_cat=109&_nc_ohc=qFw3Xs-PzUYAX82gHwq&edm=AP_V10EBAAAA&ccb=7-5&oh=00_AfADkAFwaJWOJTssbHNuP5Uf-bMC0UZyrHCOiQyJ2TlMuw&oe=65E07960&_nc_sid=2999b8,https://instagram.fkun1-1.fna.fbcdn.net/v/t66.30100-16/10000000_366576532860311_8692599634738557981_n.mp4?_nc_ht=instagram.fkun1-1.fna.fbcdn.net&_nc_cat=111&_nc_ohc=_ajgBQvagGMAX_Lk9KA&edm=AP_V10EBAAAA&ccb=7-5&oh=00_AfD8YVypGy4hjbcULWsD5QC7V6VmUR1SbeiWLWrdPtptCg&oe=65E0A874&_nc_sid=2999b8,,544,7771.0,17657.0,2024-02-23T21:42:14.000Z,,,Bruno Balarini,bruno.balarini,2931791695,clips,34.0,False
https://www.instagram.com/douglasalmeidasjm,3310676336093559469,Sidecar,C3x4pZDJfqt,"Hoje fomos at√© Caxias dar um abra√ßo no amigo @wesleyteixeiras que √© pr√©-candidato a prefeito e na nova executiva do PSB de Duque de Caxias, presidida agora pelo @targinoalcimar 

Na companhia do @abreucristiano e da @alinehisto encontramos por l√° pessoas queridas, o deputado @carlos.minc , o meu amigo @hrqsilveira e o @fabiodapadaria 

Atrav√©s do di√°logo e da boa pol√≠tica vamos construir um futuro melhor pra Baixada Fluminense.

#baixadafluminense #baixada #bxd #saojoao #s√£ojo√£o #bxd #duquedecaxias #s√£ojo√£odemeriti #meriti #riodejaneiro #pol√≠tica",https://www.instagram.com/p/C3x4pZDJfqt/,2,1080,1080,https://scontent-ord5-2.cdninstagram.com/v/t39.30808-6/429569455_18325182790189351_3063987044515398832_n.jpg?stp=dst-jpg_e35_s1080x1080_sh0.08&_nc_ht=scontent-ord5-2.cdninstagram.com&_nc_cat=107&_nc_ohc=NT-XgWgybq4AX_adEkf&edm=AP_V10EAAAAA&ccb=7-5&oh=00_AfBtLeQQwN6hCEX-ZpY-jlvxArCsSGwR1DYryxTM_2T9hw&oe=65E30A45&_nc_sid=2999b8,,,48,,,2024-02-25T17:49:55.000Z,Gomeia Galp√£o Criativo,1014464007,Douglas Almeida,douglasalmeidasjm,5745485350,,,False
https://www.instagram.com/delegadojefersonbotelho,3310242472512231666,Image,C3wV_2GgJjy,Domingo eu n√£o sofro‚Ä¶,https://www.instagram.com/p/C3wV_2GgJjy/,2,1080,1080,https://instagram.fwzy1-2.fna.fbcdn.net/v/t39.30808-6/408978057_18310859713177213_7571813194363876095_n.jpg?stp=dst-jpg_e15&_nc_ht=instagram.fwzy1-2.fna.fbcdn.net&_nc_cat=101&_nc_ohc=KuByA4tHaHkAX9KABji&edm=AP_V10EAAAAA&ccb=7-5&oh=00_AfD3O5dKAL6w63ytueNhm3bCvA1HbvA11rvKBW_lWIxXpQ&oe=65E3EAE8&_nc_sid=2999b8,,"Photo by Jeferson Botelho Pereira in Te√≥filo Otoni - Vale Do Mucuri - Minas Gerais. May be an image of 2 people, sunglasses and top.",75,,,2024-02-25T03:27:55.000Z,Te√≥filo Otoni - Vale Do Mucuri - Minas Gerais,302867447075511,Jeferson Botelho Pereira,delegadojefersonbotelho,5421257212,,,False
https://www.instagram.com/douglasalmeidasjm,3311557006781315073,Sidecar,C31A41ip_gB,"Proteja-se contra a dengue!

A vacina√ß√£o pode salvar a vida do seu filho(a) e de outras crian√ßas. Divulgue! O processo para se vacinar √© simples e gratuito. Vamos juntos combater a dengue!

As informa√ß√µes importantes est√£o no carrossel. Salve para n√£o esquecer!

#Dengue #SUS #Pol√≠ticaP√∫blica #S√£oJo√£oDeMeriti #Baixada #bxd",https://www.instagram.com/p/C31A41ip_gB/,1,1080,1080,https://scontent-fra3-2.cdninstagram.com/v/t39.30808-6/429501182_18325337620189351_2807516751252568923_n.jpg?stp=dst-jpg_e15_fr_s1080x1080&_nc_ht=scontent-fra3-2.cdninstagram.com&_nc_cat=107&_nc_ohc=hubYsqzrb-oAX8-1lk5&edm=AP_V10EAAAAA&ccb=7-5&oh=00_AfAQ_4ig4eM_c-lDi0hapbtDD8zuRE_Vu38xqyY-B7YWQw&oe=65E3862A&_nc_sid=2999b8,,,-1,,,2024-02-26T22:59:39.000Z,,,Douglas Almeida,douglasalmeidasjm,5745485350,,,False
https://www.instagram.com/delegadojefersonbotelho,3311913773354424857,Image,C32SAeTg5oZ,"O Brasil vive quatro grandes crises sem precedentes, a crise econ√¥mica, a crise pol√≠tica, a crise fiscal e a crise moral. 
Quando o agente p√∫blico, omissa e condescendentemente, participa ou permite que esquemas fraudulentos sejam formados para desvios de recursos p√∫blicos, que deveriam ser revestidos em prol de pol√≠ticas p√∫blicas vinculadas √† Educa√ß√£o, Sa√∫de, Seguran√ßa P√∫blica, Mobilidade Urbana, certamente ele viola frontalmente os direitos elencados no Pacto de San Jos√© da Costa Rica, como direito √† vida, liberdade pessoal, acesso √† justi√ßa, direito √† honra e dignidade, prote√ß√£o √† fam√≠lia, direitos da crian√ßa, propriedade privada, circula√ß√£o e resid√™ncia, desenvolvimento progressivo, devendo a Comiss√£o Interamericana de Direitos Humanos conhecer dessas viola√ß√µes, e determinar sua imediata cessa√ß√£o.
Assim, a corrup√ß√£o generalizada no Brasil, com indubit√°vel desvio de finalidade, apresenta obst√°culos intranspon√≠veis para a ado√ß√£o de pol√≠ticas p√∫blicas de implementa√ß√£o dos direitos humanos, configurando, portanto, les√£o de dif√≠cil repara√ß√£o.
A viol√™ncia aqui referenciada √© justamente a nega√ß√£o por parte do Estado dos direitos constantes do m√≠nimo existencial, como sa√∫de para todos, educa√ß√£o com qualidade e seguran√ßa efetiva, garantindo exist√™ncia humana digna, a exigir presta√ß√µes estatais positivas, e que somando aos altos √≠ndices de criminalidade, aqui entendida como sendo o somat√≥rio de infra√ß√µes penais, chega-se a conclus√£o de que o Brasil √© um dos lugares mais perigosos do mundo para se viver.
Somente Deus para nos ajudar num momento t√£o dif√≠cil. N√£o vamos esquecer do Brasil. N√£o percamos a esperan√ßa de um dia ser um Pa√≠s s√©rio e confiante.",https://www.instagram.com/p/C32SAeTg5oZ/,0,633,750,https://instagram.fhan15-1.fna.fbcdn.net/v/t39.30808-6/429824923_18311123974177213_7109934559238311740_n.jpg?stp=dst-jpg_e15&_nc_ht=instagram.fhan15-1.fna.fbcdn.net&_nc_cat=101&_nc_ohc=ojQcqKJYWy4AX-SAtw2&edm=AP_V10EAAAAA&ccb=7-5&oh=00_AfCH9hd358-kg0qA4E8CbUICk9Nt-nV1_EaNeaTfUQykYQ&oe=65E45B02&_nc_sid=2999b8,,"Photo by Jeferson Botelho Pereira in Te√≥filo Otoni - Vale Do Mucuri - Minas Gerais. May be an image of 1 person, microphone and text.",4,,,2024-02-27T10:48:29.000Z,Te√≥filo Otoni - Vale Do Mucuri - Minas Gerais,302867447075511,Jeferson Botelho Pereira,delegadojefersonbotelho,5421257212,,,False
https://www.instagram.com/comandante_marinho,3305094342359818030,Image,C3eDcsRgp8u,Parab√©ns Alice por mais um anivers√°rio. Obrigado Senhor pela minha fam√≠lia.,https://www.instagram.com/p/C3eDcsRgp8u/,63,1080,1080,https://scontent-lga3-2.cdninstagram.com/v/t51.2885-15/427919291_749500333808088_8912929114461058054_n.webp?stp=dst-jpg_e35_s1080x1080&_nc_ht=scontent-lga3-2.cdninstagram.com&_nc_cat=100&_nc_ohc=n8YpVuW5mowAX-dkXnS&edm=AP_V10EBAAAA&ccb=7-5&oh=00_AfA1K9s1xsHBETNz_s6w3OZCRVzJAW85cnMp4yto22DgbA&oe=65E382B6&_nc_sid=2999b8,,"Photo by Comandante Marinho on February 17, 2024. May be an image of 2 people and people smiling.",710,,,2024-02-18T00:59:30.000Z,,,Comandante Marinho,comandante_marinho,6437175582,,,False
https://www.instagram.com/delegadojefersonbotelho,3310240718580176521,Image,C3wVmUoAVaJ,Um nome; uma hist√≥ria.,https://www.instagram.com/p/C3wVmUoAVaJ/,0,1080,1080,https://scontent-iad3-1.cdninstagram.com/v/t39.30808-6/428634117_18310859413177213_2528024146446341280_n.jpg?stp=dst-jpg_e35_s1080x1080_sh0.08&_nc_ht=scontent-iad3-1.cdninstagram.com&_nc_cat=101&_nc_ohc=rhVujd3R4fkAX_VIwBs&edm=AP_V10EAAAAA&ccb=7-5&oh=00_AfCy4BN6jj2OXAdylUEv1L_0y_CKj4CYFnNWzX9lvkyjUA&oe=65E3EA11&_nc_sid=2999b8,,Photo by Jeferson Botelho Pereira in Te√≥filo Otoni - Vale Do Mucuri - Minas Gerais. May be an image of 1 person and microphone.,8,,,2024-02-25T03:24:26.000Z,Te√≥filo Otoni - Vale Do Mucuri - Minas Gerais,302867447075511,Jeferson Botelho Pereira,delegadojefersonbotelho,5421257212,,,False
https://www.instagram.com/bruno.balarini,3312063924370904705,Video,C320JdVg5aB,"Voc√™ se lembra das casas de Brej√£o que foram prometidas? Se tem dinheiro, se come√ßou a fazer e parou, qual √© o problema? 
Gente, ningu√©m merece passar por isso!
#obras #pessoas #dignidade #engenharia #arquitetura #minasgerais #teofilootoni",https://www.instagram.com/p/C320JdVg5aB/,17,1137,640,https://scontent-mia3-1.cdninstagram.com/v/t51.2885-15/429820464_389722950535681_1749824949392456862_n.jpg?stp=dst-jpg_e15&_nc_ht=scontent-mia3-1.cdninstagram.com&_nc_cat=101&_nc_ohc=st5U9W6jhuIAX8zMgYa&edm=AP_V10EBAAAA&ccb=7-5&oh=00_AfCyNk9PExXqYgejaWi0P8xmJe5Ud2s-LcAs14ix2nO0aA&oe=65E09550&_nc_sid=2999b8,https://scontent-mia3-2.cdninstagram.com/v/t50.2886-16/10000000_360615553507815_108178678855798518_n.mp4?_nc_ht=scontent-mia3-2.cdninstagram.com&_nc_cat=103&_nc_ohc=MPfnOgpU7TgAX-fIMkJ&edm=AP_V10EBAAAA&ccb=7-5&oh=00_AfAIKcABynFN-ZJIVNADrzFRRAZRKGEeUpjOLwgqjkVodQ&oe=65E0582E&_nc_sid=2999b8,,104,1142.0,2692.0,2024-02-27T15:49:54.000Z,,,Bruno Balarini,bruno.balarini,2931791695,clips,159.311,False
https://www.instagram.com/douglasalmeidasjm,2996960348397274453,Image,CmXV47sJoVV,"Com esse beij√£o, celebramos hoje a nossa ""boda de beijinhos"". 1 m√™s de casados. S√≥ est√° come√ßando @dulceleandro . üíï

Que bom partilhar a vida com voc√™ üòç 
Te amo üòò

#wedding
#1mes #love
#amor #casamento

üì∏ @amonfotografiarj",https://www.instagram.com/p/CmXV47sJoVV/,11,1329,1080,https://instagram.fpoz6-1.fna.fbcdn.net/v/t51.2885-15/321000275_558339482413978_1883501425643755287_n.webp?stp=dst-jpg_e35_p1080x1080&_nc_ht=instagram.fpoz6-1.fna.fbcdn.net&_nc_cat=110&_nc_ohc=Sbnznm993ZYAX_nB2CX&edm=AP_V10EBAAAA&ccb=7-5&oh=00_AfA0EurlQXANMajMC9pLwnydn-M93UZVCBcM2fH8c7t8rg&oe=65E312C7&_nc_sid=2999b8,,"Photo shared by Douglas Almeida on December 19, 2022 tagging @dulceleandro.",210,,,2022-12-19T21:32:15.000Z,,,Douglas Almeida,douglasalmeidasjm,5745485350,,,False
https://www.instagram.com/delegadojefersonbotelho,3311372478307129788,Image,C30W7mAgFm8,"Encontro de milh√µes de valores ilimitados. 
Muita compet√™ncia, dedica√ß√£o e lhaneza a servi√ßo do sistema de justi√ßa da sociedade mineira.
Parab√©ns doutoras B√°rbara, @miriamvazchagas e @claudiabrigido  pelo belo trabalho prestado a sociedade mineira. Trabalhar um dia ao lado de voc√™s foi a realiza√ß√£o de um sonho. Respeitosamente.",https://www.instagram.com/p/C30W7mAgFm8/,0,1174,1080,https://instagram.fvdc1-1.fna.fbcdn.net/v/t39.30808-6/428653147_18311046751177213_110660145204130210_n.jpg?stp=dst-jpg_e15&_nc_ht=instagram.fvdc1-1.fna.fbcdn.net&_nc_cat=101&_nc_ohc=7zLM2imq-FYAX98od9T&edm=AP_V10EAAAAA&ccb=7-5&oh=00_AfCx8eZ8ZKt31cImkUUcM7OsQSZEGbiRen0z2dwmPKErFQ&oe=65E45286&_nc_sid=2999b8,,"Photo by Jeferson Botelho Pereira in Belo Horizonte - Minas Gerais, Brasil. May be an image of 2 people and top.",7,,,2024-02-26T16:53:02.000Z,"Belo Horizonte - Minas Gerais, Brasil",570080656,Jeferson Botelho Pereira,delegadojefersonbotelho,5421257212,,,False
https://www.instagram.com/douglasalmeidasjm,3312155935709211604,Video,C33JEZkpivU,"URGENTE üö® 

S√£o Jo√£o est√° ENTREGUE! N√£o existe seguran√ßa p√∫blica na cidade, cad√™ as autoridades? Cad√™ o prefeito? 

A criminalidade DOMINOU a nossa cidade! Precisamos mudar isso J√Å! 

#Pol√≠tica #S√£oJo√£oDeMeriti #Baixada #bxd",https://www.instagram.com/p/C33JEZkpivU/,4,1333,750,https://scontent-ord5-2.cdninstagram.com/v/t51.2885-15/429573462_1547359559395589_8789232736933417082_n.jpg?stp=dst-jpg_e15&_nc_ht=scontent-ord5-2.cdninstagram.com&_nc_cat=105&_nc_ohc=zoYPff4CnFcAX-lNB1y&edm=AP_V10EBAAAA&ccb=7-5&oh=00_AfBocHbzXjc0dReSunNpgtL_07Lr7NBYnBTV1Fvr1tWgsw&oe=65E0CA51&_nc_sid=2999b8,https://scontent-ord5-1.cdninstagram.com/v/t66.30100-16/310744081_360303073546557_270904184394019030_n.mp4?_nc_ht=scontent-ord5-1.cdninstagram.com&_nc_cat=109&_nc_ohc=ar1DoNbsSJoAX-6ySkI&edm=AP_V10EBAAAA&ccb=7-5&oh=00_AfDQYNw2kJyt7FjhNJmXoKqfDeq8AYATFgFZQdZsQRhgLw&oe=65E0836A&_nc_sid=2999b8,,100,1700.0,4500.0,2024-02-27T18:50:29.000Z,,,Douglas Almeida,douglasalmeidasjm,5745485350,clips,12.1,False
https://www.instagram.com/comandante_marinho,3309391114561035238,Video,C3tUa9OPpvm,"Participa√ß√£o hoje (23/02) na solenidade em comemora√ß√£o do 32¬∞ anivers√°rio de instala√ß√£o da 2¬™ Companhia de Bombeiros Militar de Minas Gerais, em Te√≥filo Otoni. 

@bombeirosteofilootoni 
@19bpmmg
@15rpm_pmmg
@alonsovieira",https://www.instagram.com/p/C3tUa9OPpvm/,35,1333,750,https://scontent-iad3-2.cdninstagram.com/v/t51.2885-15/409099036_1128880525223304_5760457525166004422_n.jpg?stp=dst-jpg_e15&_nc_ht=scontent-iad3-2.cdninstagram.com&_nc_cat=100&_nc_ohc=0JkcLOyXmHQAX8-8V0H&edm=AP_V10EBAAAA&ccb=7-5&oh=00_AfChg8kbHKNoPRbzKDqP1ZoHuOLt2cHvQCt3ALbdEiwJwQ&oe=65E0B143&_nc_sid=2999b8,https://scontent-iad3-2.cdninstagram.com/v/t66.30100-16/10000000_1117276756359750_1981741796677946459_n.mp4?_nc_ht=scontent-iad3-2.cdninstagram.com&_nc_cat=106&_nc_ohc=pFbnRkg6w50AX-xz_Lc&edm=AP_V10EBAAAA&ccb=7-5&oh=00_AfBZfdmy08KztYhi25v-EsTB_vtaCp0Hp1iVcyBZLZiKJQ&oe=65E065FB&_nc_sid=2999b8,,531,3273.0,7339.0,2024-02-23T23:23:22.000Z,CDL Te√≥filo Otoni,770700137,Comandante Marinho,comandante_marinho,6437175582,clips,89.456,False
https://www.instagram.com/tarcirleidebrito,3309955387016576008,Video,C3vUuM5g3wI,"Tem gente por a√≠ dizendo que n√≥s ficamos sete anos no governo sem fazer nada. Ser√° que isso √© verdade? ü§î

üí¨Vale lembrar que, nos primeiros seis anos de governo t√≠nhamos um governo federal e estadual que n√£o olhavam por Te√≥filo Otoni. E mesmo assim, com muito esfor√ßo e planejamento, conseguimos asfaltar os principais morros da cidade, implementar o programa M√©dico Noturno, trocar os sem√°foros da cidade, reabrir o restaurante popular e por a√≠ vai‚Ä¶

‚≠êÔ∏èHoje a nossa realidade √© diferente. Podemos contar com um presidente que cuida e investe em Te√≥filo Otoni. Com isso, temos a chance de continuar fazendo muito mais pela nossa cidade, nos pr√≥ximos anos que vir√£o!",https://www.instagram.com/p/C3vUuM5g3wI/,44,1920,1080,https://instagram.fcgk22-2.fna.fbcdn.net/v/t51.2885-15/429571862_366916439438698_7344743339610556459_n.jpg?stp=dst-jpg_e15_fr_p1080x1080&_nc_ht=instagram.fcgk22-2.fna.fbcdn.net&_nc_cat=110&_nc_ohc=LSub83txo0QAX-xxvJy&edm=AP_V10EBAAAA&ccb=7-5&oh=00_AfAoh29bShG08Z5bOFKuH4_EawuREuqFENYwjHv2YfJccg&oe=65E06387&_nc_sid=2999b8,https://instagram.fcgk22-1.fna.fbcdn.net/v/t66.30100-16/10000000_1113658769633006_1806846085692366965_n.mp4?_nc_ht=instagram.fcgk22-1.fna.fbcdn.net&_nc_cat=102&_nc_ohc=jji-2fHfDtEAX_DC4FZ&edm=AP_V10EBAAAA&ccb=7-5&oh=00_AfDYFBvOrj3N3xwfCULWfqXniy348BuGEkFYgeVZXTmjAw&oe=65E0C446&_nc_sid=2999b8,,234,3065.0,7101.0,2024-02-24T18:11:29.000Z,,,Tarcirlei Mariniello de Brito,tarcirleidebrito,11164207918,clips,66.566,False
https://www.instagram.com/delegadojefersonbotelho,3311624572595483679,Image,C31QQDHAjQf,"Nosso pr√≥ximo Livro vem a√≠; a mais moderna, atual e completa obra jur√≠dica do Brasil. 

Aguardem!",https://www.instagram.com/p/C31QQDHAjQf/,0,750,750,https://instagram.fiev22-2.fna.fbcdn.net/v/t39.30808-6/429850115_18311084881177213_1383726900882794013_n.jpg?stp=dst-jpg_e15&_nc_ht=instagram.fiev22-2.fna.fbcdn.net&_nc_cat=101&_nc_ohc=73oBkg9U0aIAX_K-Qr-&edm=AP_V10EAAAAA&ccb=7-5&oh=00_AfBGyNN7mdDy99NKlVwPYZcG2SZCleNm-O9ZVJtQPsK6wQ&oe=65E465F3&_nc_sid=2999b8,,Photo by Jeferson Botelho Pereira in Te√≥filo Otoni - Vale Do Mucuri - Minas Gerais. May be an image of 1 person.,10,,,2024-02-27T01:13:54.000Z,Te√≥filo Otoni - Vale Do Mucuri - Minas Gerais,302867447075511,Jeferson Botelho Pereira,delegadojefersonbotelho,5421257212,,,False
https://www.instagram.com/cleiton.fossa,3310054295998343280,Image,C3vrNhEPKhw,"‚öΩÔ∏è Partida da Chape contra o Figueirense com o sogr√£o Ribeiro. 

Vai ser um jog√£o! 

#chapeco #chapecoense",https://www.instagram.com/p/C3vrNhEPKhw/,1,1080,1080,https://scontent-sea1-1.cdninstagram.com/v/t39.30808-6/428695682_18416597824028148_7244024048804251366_n.jpg?stp=dst-jpg_e35_s1080x1080_sh0.08&_nc_ht=scontent-sea1-1.cdninstagram.com&_nc_cat=100&_nc_ohc=bMsiLozEkK4AX_0NfOA&edm=AP_V10EAAAAA&ccb=7-5&oh=00_AfC_zZWIk-fhtYOkuXjaaCKySD1Pn8BORgrpPgKITYu5xQ&oe=65E43E8B&_nc_sid=2999b8,,Photo by Cleiton Fossa in Chapec√≥. May be an image of 4 people and stadium.,76,,,2024-02-24T21:14:02.000Z,Chapec√≥,2318399,Cleiton Fossa,cleiton.fossa,201884147,,,False
https://www.instagram.com/cleiton.fossa,3309292474973947962,Sidecar,C3s9_j8sgg6,"Depois da aula, nada como uma Guarapa com lim√£o pra refrescar üçã

#chapec√≥",https://www.instagram.com/p/C3s9_j8sgg6/,1,1350,1080,https://scontent-lhr6-2.cdninstagram.com/v/t39.30808-6/429648315_18416276716028148_7010148330004061746_n.jpg?stp=dst-jpg_e35_p1080x1080_sh0.08&_nc_ht=scontent-lhr6-2.cdninstagram.com&_nc_cat=100&_nc_ohc=P-hfJgFZ-L4AX8wlmse&edm=AP_V10EAAAAA&ccb=7-5&oh=00_AfAW4kjykkOUOhtHeK6dkr6D923xBE2aYZFsbpCBGf5DUQ&oe=65E3E6A7&_nc_sid=2999b8,,,67,,,2024-02-23T20:00:00.000Z,Chapec√≥,2318399,Cleiton Fossa,cleiton.fossa,201884147,,,False
https://www.instagram.com/cleiton.fossa,3139853561033586282,Video,CuTAC2YJvZq,"√â necess√°rio ter coragem para defender os interesses daqueles que representam, ouvindo suas vozes e trabalhando para solucionar problemas reais.

Acredito que um verdadeiro l√≠der deve ser guiado por princ√≠pios s√≥lidos e √©ticos.ü§ù

#economia #politica #governo #etica #principios #valores #santacatarina #economiabrasileira #boapol√≠tica #lider #lideranca",https://www.instagram.com/p/CuTAC2YJvZq/,9,1920,1080,https://instagram.fccs5-1.fna.fbcdn.net/v/t51.2885-15/357426930_227817733472504_4064293386097815455_n.jpg?stp=dst-jpg_e15_fr_p1080x1080&_nc_ht=instagram.fccs5-1.fna.fbcdn.net&_nc_cat=108&_nc_ohc=37MztjDO3PAAX92F4D_&edm=AP_V10EBAAAA&ccb=7-5&oh=00_AfA7uBZPEd5F3AuKJicBbTj-cpKVrUOwAjobTwS4trRrIA&oe=65E04AA4&_nc_sid=2999b8,https://instagram.fccs5-1.fna.fbcdn.net/o1/v/t16/f1/m82/BD44C2B33CE70EE22E116763B86B73A8_video_dashinit.mp4?efg=eyJxZV9ncm91cHMiOiJbXCJpZ193ZWJfZGVsaXZlcnlfdnRzX290ZlwiXSIsInZlbmNvZGVfdGFnIjoidnRzX3ZvZF91cmxnZW4uY2xpcHMuYzIuNzIwLmJhc2VsaW5lIn0&_nc_ht=instagram.fccs5-1.fna.fbcdn.net&_nc_cat=106&vs=258650930119837_3680375131&_nc_vs=HBksFQIYT2lnX3hwdl9yZWVsc19wZXJtYW5lbnRfcHJvZC9CRDQ0QzJCMzNDRTcwRUUyMkUxMTY3NjNCODZCNzNBOF92aWRlb19kYXNoaW5pdC5tcDQVAALIAQAVAhg6cGFzc3Rocm91Z2hfZXZlcnN0b3JlL0dBTmpWeFdPZnltSGhJWUZBTW9mZ0hJRkRUbHJicV9FQUFBRhUCAsgBACgAGAAbABUAACbYve%2BnvIrjPxUCKAJDMywXQEmRBiTdLxsYEmRhc2hfYmFzZWxpbmVfMV92MREAdf4HAA%3D%3D&_nc_rid=42638d099a&ccb=9-4&oh=00_AfDV-Dpf0J02FocNiIir91oXh7F8cjvhJI40dOlistbGEA&oe=65E083A7&_nc_sid=2999b8,,124,960.0,2117.0,2023-07-05T01:18:09.000Z,,,Cleiton Fossa,cleiton.fossa,201884147,clips,51.133,False
https://www.instagram.com/cleiton.fossa,3312240452580563626,Sidecar,C33cSSCvlqq,"üéâNosso querido Gael,

Hoje √© um dia muito especial, n√£o apenas para voc√™, mas para toda a nossa fam√≠lia.
Ver voc√™ crescer e se tornar esse menino incr√≠vel tem sido uma das maiores b√™n√ß√£os que j√° recebi. 

Sua alegria, sua bondade e seu jeito √∫nico de se relacionar com a fam√≠lia e amigos, iluminam os nossos dias de uma maneira que palavras n√£o podem descrever.

Que o seu dia seja t√£o especial quanto voc√™ √© para nossa fam√≠lia, e que Deus esteja sempre presente em sua vida.

üéÇüéàFeliz anivers√°rio, nosso amado Gael!

üíöCom todo o meu amor,
Papai, mam√£e e mano Noah.",https://www.instagram.com/p/C33cSSCvlqq/,13,810,1080,https://instagram.flas1-2.fna.fbcdn.net/v/t39.30808-6/428679667_18417119917028148_6347537759079823412_n.jpg?stp=dst-jpg_e35_s1080x1080_sh0.08&_nc_ht=instagram.flas1-2.fna.fbcdn.net&_nc_cat=100&_nc_ohc=iXGCqxfPiJEAX-rkDrI&edm=AP_V10EAAAAA&ccb=7-5&oh=00_AfAKNwUxXQ3oMW0JClA2Fr79-a5_W6nm6uccsFCRiHza0g&oe=65E2EB9B&_nc_sid=2999b8,,,56,,,2024-02-27T21:37:32.000Z,Chapec√≥,2318399,Cleiton Fossa,cleiton.fossa,201884147,,,False
https://www.instagram.com/cleiton.fossa,3312050756684184537,Video,C32xJ1-OXvZ,"O MDB n√£o vai se apequenar. Somos um partido com uma hist√≥ria s√≥lida e um legado ineg√°vel em Chapec√≥. Temos sido parte integrante da constru√ß√£o pol√≠tica e social desta cidade. N√£o se trata apenas de um legado de conquistas, mas tamb√©m de um compromisso com o bem-estar da popula√ß√£o.

Nestas elei√ß√µes municipais, estaremos firmes e preparados para enfrentar os desafios que se apresentam. Estamos prontos para colocar em pauta as quest√µes que importam para Chapec√≥, ouvir as demandas da popula√ß√£o e apresentar propostas consistentes e vi√°veis.
Mais do que nunca, √© importante que o MDB se mantenha firme e atuante, representando os interesses da comunidade e contribuindo para o avan√ßo da nossa cidade.

Juntos, podemos construir um futuro melhor para todos os chapecoenses. O MDB est√° pronto para esse desafio.

#MDB #Chapec√≥ #MDBChapec√≥",https://www.instagram.com/p/C32xJ1-OXvZ/,6,1920,1080,https://instagram.fpnh24-1.fna.fbcdn.net/v/t51.2885-15/429972925_935746504746753_3273174673099512152_n.jpg?stp=dst-jpg_e35_p1080x1080_sh0.08&_nc_ht=instagram.fpnh24-1.fna.fbcdn.net&_nc_cat=109&_nc_ohc=qnMm2JXu3hcAX95AAyq&edm=AP_V10EBAAAA&ccb=7-5&oh=00_AfDoEHsmyz0czcBBioV_GwZNVxNYtRoAg8jVy2DDY-qS_Q&oe=65E08D2E&_nc_sid=2999b8,https://instagram.fpnh24-1.fna.fbcdn.net/v/t66.30100-16/333965110_717469410532150_2423141188603495397_n.mp4?_nc_ht=instagram.fpnh24-1.fna.fbcdn.net&_nc_cat=110&_nc_ohc=P4lV8PP04-8AX8axUoM&edm=AP_V10EBAAAA&ccb=7-5&oh=00_AfBY5AX3u25zT0XLoHTwxuIRmDraWIY7yIF6OAw3hO8r5A&oe=65E09DA7&_nc_sid=2999b8,,66,589.0,1721.0,2024-02-27T15:29:44.000Z,"Florian√≥polis, Santa Catarina",213145014,Cleiton Fossa,cleiton.fossa,201884147,clips,29.833,False
